"Produkt_Code","SDO_ID","Zeitstempel","Wert","Qualitaet_Byte","Qualitaet_Niveau"
"OBS_DEU_P1M_RR","142","1955-01-01","85.3","4","5",
"OBS_DEU_P1M_RR","142","1955-02-01","76.9","4","5",
"OBS_DEU_P1M_RR","142","1955-03-01","26","4","5",
"OBS_DEU_P1M_RR","142","1955-04-01","56.5","4","5",
"OBS_DEU_P1M_RR","142","1955-05-01","90","4","5",
"OBS_DEU_P1M_RR","142","1955-06-01","152.8","4","5",
"OBS_DEU_P1M_RR","142","1955-07-01","121.8","4","5",
"OBS_DEU_P1M_RR","142","1955-08-01","41.3","4","5",
"OBS_DEU_P1M_RR","142","1955-09-01","120.5","4","5",
"OBS_DEU_P1M_RR","142","1955-10-01","41.6","4","5",
"OBS_DEU_P1M_RR","142","1955-11-01","12.6","4","5",
"OBS_DEU_P1M_RR","142","1955-12-01","107","4","5",
"OBS_DEU_P1M_RR","142","1956-01-01","69.2","4","5",
"OBS_DEU_P1M_RR","142","1956-02-01","34.1","4","5",
"OBS_DEU_P1M_RR","142","1956-03-01","51","4","5",
"OBS_DEU_P1M_RR","142","1956-04-01","52.4","4","5",
"OBS_DEU_P1M_RR","142","1956-05-01","74","4","5",
"OBS_DEU_P1M_RR","142","1956-06-01","115.9","4","5",
"OBS_DEU_P1M_RR","142","1956-07-01","137.1","4","5",
"OBS_DEU_P1M_RR","142","1956-08-01","103.9","4","5",
"OBS_DEU_P1M_RR","142","1956-09-01","44.8","4","5",
"OBS_DEU_P1M_RR","142","1956-10-01","132.4","4","5",
"OBS_DEU_P1M_RR","142","1956-11-01","49.9","4","5",
"OBS_DEU_P1M_RR","142","1956-12-01","27.8","4","5",
"OBS_DEU_P1M_RR","142","1957-01-01","47.3","4","5",
"OBS_DEU_P1M_RR","142","1957-02-01","99.3","4","5",
"OBS_DEU_P1M_RR","142","1957-03-01","40","4","5",
"OBS_DEU_P1M_RR","142","1957-04-01","45.5","4","5",
"OBS_DEU_P1M_RR","142","1957-05-01","41.1","4","5",
"OBS_DEU_P1M_RR","142","1957-06-01","134.4","4","5",
"OBS_DEU_P1M_RR","142","1957-07-01","193.3","4","5",
"OBS_DEU_P1M_RR","142","1957-08-01","111.9","4","5",
"OBS_DEU_P1M_RR","142","1957-09-01","97.1","4","5",
"OBS_DEU_P1M_RR","142","1957-10-01","16.8","4","5",
"OBS_DEU_P1M_RR","142","1957-11-01","25.8","4","5",
"OBS_DEU_P1M_RR","142","1957-12-01","27.9","4","5",
"OBS_DEU_P1M_RR","142","1958-01-01","80.3","4","5",
"OBS_DEU_P1M_RR","142","1958-02-01","169.3","4","5",
"OBS_DEU_P1M_RR","142","1958-03-01","43.7","4","5",
"OBS_DEU_P1M_RR","142","1958-04-01","82.2","4","5",
"OBS_DEU_P1M_RR","142","1958-05-01","59.1","4","5",
"OBS_DEU_P1M_RR","142","1958-06-01","166.3","4","5",
"OBS_DEU_P1M_RR","142","1958-07-01","162.5","4","5",
"OBS_DEU_P1M_RR","142","1958-08-01","71.8","4","5",
"OBS_DEU_P1M_RR","142","1958-09-01","44","4","5",
"OBS_DEU_P1M_RR","142","1958-10-01","91","4","5",
"OBS_DEU_P1M_RR","142","1958-11-01","37.7","4","5",
"OBS_DEU_P1M_RR","142","1958-12-01","85.9","4","5",
"OBS_DEU_P1M_RR","142","1959-01-01","70.3","4","5",
"OBS_DEU_P1M_RR","142","1959-02-01","12.1","4","5",
"OBS_DEU_P1M_RR","142","1959-03-01","49","4","5",
"OBS_DEU_P1M_RR","142","1959-04-01","65","4","5",
"OBS_DEU_P1M_RR","142","1959-05-01","135.5","4","5",
"OBS_DEU_P1M_RR","142","1959-06-01","128.1","4","5",
"OBS_DEU_P1M_RR","142","1959-07-01","110.6","4","5",
"OBS_DEU_P1M_RR","142","1959-08-01","43.8","4","5",
"OBS_DEU_P1M_RR","142","1959-09-01","3.5","4","5",
"OBS_DEU_P1M_RR","142","1959-10-01","54.8","4","5",
"OBS_DEU_P1M_RR","142","1959-11-01","33.8","4","5",
"OBS_DEU_P1M_RR","142","1959-12-01","52.3","4","5",
"OBS_DEU_P1M_RR","142","1960-01-01","43.6","4","5",
"OBS_DEU_P1M_RR","142","1960-02-01","60.6","4","5",
"OBS_DEU_P1M_RR","142","1960-03-01","59.7","4","5",
"OBS_DEU_P1M_RR","142","1960-04-01","37.1","4","5",
"OBS_DEU_P1M_RR","142","1960-05-01","81","4","5",
"OBS_DEU_P1M_RR","142","1960-06-01","107.4","4","5",
"OBS_DEU_P1M_RR","142","1960-07-01","85.7","4","5",
"OBS_DEU_P1M_RR","142","1960-08-01","110.4","4","5",
"OBS_DEU_P1M_RR","142","1960-09-01","46.2","4","5",
"OBS_DEU_P1M_RR","142","1960-10-01","119.7","4","5",
"OBS_DEU_P1M_RR","142","1960-11-01","41.7","4","5",
"OBS_DEU_P1M_RR","142","1960-12-01","60.4","4","5",
"OBS_DEU_P1M_RR","142","1961-01-01","44","4","5",
"OBS_DEU_P1M_RR","142","1961-02-01","53.8","4","5",
"OBS_DEU_P1M_RR","142","1961-03-01","34.7","4","5",
"OBS_DEU_P1M_RR","142","1961-04-01","54.3","4","5",
"OBS_DEU_P1M_RR","142","1961-05-01","153.3","4","5",
"OBS_DEU_P1M_RR","142","1961-06-01","142.9","4","5",
"OBS_DEU_P1M_RR","142","1961-07-01","78.5","4","5",
"OBS_DEU_P1M_RR","142","1961-08-01","93.5","4","5",
"OBS_DEU_P1M_RR","142","1961-09-01","61.2","4","5",
"OBS_DEU_P1M_RR","142","1961-10-01","18.5","4","5",
"OBS_DEU_P1M_RR","142","1961-11-01","44.6","4","5",
"OBS_DEU_P1M_RR","142","1961-12-01","97.6","4","5",
"OBS_DEU_P1M_RR","142","1962-01-01","75.9","4","5",
"OBS_DEU_P1M_RR","142","1962-02-01","47.2","4","5",
"OBS_DEU_P1M_RR","142","1962-03-01","74.1","4","5",
"OBS_DEU_P1M_RR","142","1962-04-01","41.6","4","5",
"OBS_DEU_P1M_RR","142","1962-05-01","131.1","4","5",
"OBS_DEU_P1M_RR","142","1962-06-01","67.6","4","5",
"OBS_DEU_P1M_RR","142","1962-07-01","58.7","4","5",
"OBS_DEU_P1M_RR","142","1962-08-01","67.5","4","5",
"OBS_DEU_P1M_RR","142","1962-09-01","101.3","4","5",
"OBS_DEU_P1M_RR","142","1962-10-01","23.4","4","5",
"OBS_DEU_P1M_RR","142","1962-11-01","23.7","4","5",
"OBS_DEU_P1M_RR","142","1962-12-01","72.7","4","5",
"OBS_DEU_P1M_RR","142","1963-01-01","25.1","4","5",
"OBS_DEU_P1M_RR","142","1963-02-01","31.7","4","5",
"OBS_DEU_P1M_RR","142","1963-03-01","69.3","4","5",
"OBS_DEU_P1M_RR","142","1963-04-01","35.9","4","5",
"OBS_DEU_P1M_RR","142","1963-05-01","102.8","4","5",
"OBS_DEU_P1M_RR","142","1963-06-01","75.4","4","5",
"OBS_DEU_P1M_RR","142","1963-07-01","106.9","4","5",
"OBS_DEU_P1M_RR","142","1963-08-01","140.4","4","5",
"OBS_DEU_P1M_RR","142","1963-09-01","70.3","4","5",
"OBS_DEU_P1M_RR","142","1963-10-01","26.4","4","5",
"OBS_DEU_P1M_RR","142","1963-11-01","90.3","4","5",
"OBS_DEU_P1M_RR","142","1963-12-01","7.8","4","5",
"OBS_DEU_P1M_RR","142","1964-01-01","18.7","4","5",
"OBS_DEU_P1M_RR","142","1964-02-01","33.1","4","5",
"OBS_DEU_P1M_RR","142","1964-03-01","75.3","4","5",
"OBS_DEU_P1M_RR","142","1964-04-01","66","4","5",
"OBS_DEU_P1M_RR","142","1964-05-01","125.1","4","5",
"OBS_DEU_P1M_RR","142","1964-06-01","73.8","4","5",
"OBS_DEU_P1M_RR","142","1964-07-01","11.9","4","5",
"OBS_DEU_P1M_RR","142","1964-08-01","57","4","5",
"OBS_DEU_P1M_RR","142","1964-09-01","28.2","4","5",
"OBS_DEU_P1M_RR","142","1964-10-01","81.6","4","5",
"OBS_DEU_P1M_RR","142","1964-11-01","75.4","4","5",
"OBS_DEU_P1M_RR","142","1964-12-01","33.6","4","5",
"OBS_DEU_P1M_RR","142","1965-01-01","46.7","4","5",
"OBS_DEU_P1M_RR","142","1965-02-01","33.4","4","5",
"OBS_DEU_P1M_RR","142","1965-03-01","60.6","4","5",
"OBS_DEU_P1M_RR","142","1965-04-01","124.9","4","5",
"OBS_DEU_P1M_RR","142","1965-05-01","165.3","4","5",
"OBS_DEU_P1M_RR","142","1965-06-01","168.6","4","5",
"OBS_DEU_P1M_RR","142","1965-07-01","196.6","4","5",
"OBS_DEU_P1M_RR","142","1965-08-01","58.6","4","5",
"OBS_DEU_P1M_RR","142","1965-09-01","81.8","4","5",
"OBS_DEU_P1M_RR","142","1965-10-01","5.4","4","5",
"OBS_DEU_P1M_RR","142","1965-11-01","67","4","5",
"OBS_DEU_P1M_RR","142","1965-12-01","71","4","5",
"OBS_DEU_P1M_RR","142","1966-01-01","26.1","4","5",
"OBS_DEU_P1M_RR","142","1966-02-01","61.9","4","5",
"OBS_DEU_P1M_RR","142","1966-03-01","46.5","4","5",
"OBS_DEU_P1M_RR","142","1966-04-01","80.7","4","5",
"OBS_DEU_P1M_RR","142","1966-05-01","125","4","5",
"OBS_DEU_P1M_RR","142","1966-06-01","114.5","4","5",
"OBS_DEU_P1M_RR","142","1966-07-01","149","4","5",
"OBS_DEU_P1M_RR","142","1966-08-01","162.8","4","5",
"OBS_DEU_P1M_RR","142","1966-09-01","46.1","4","5",
"OBS_DEU_P1M_RR","142","1966-10-01","94.5","4","5",
"OBS_DEU_P1M_RR","142","1966-11-01","26.4","4","5",
"OBS_DEU_P1M_RR","142","1966-12-01","80.9","4","5",
"OBS_DEU_P1M_RR","142","1967-01-01","31.8","4","5",
"OBS_DEU_P1M_RR","142","1967-02-01","41.5","4","5",
"OBS_DEU_P1M_RR","142","1967-03-01","49.5","4","5",
"OBS_DEU_P1M_RR","142","1967-04-01","51.9","4","5",
"OBS_DEU_P1M_RR","142","1967-05-01","97","4","5",
"OBS_DEU_P1M_RR","142","1967-06-01","125","4","5",
"OBS_DEU_P1M_RR","142","1967-07-01","73.3","4","5",
"OBS_DEU_P1M_RR","142","1967-08-01","91.1","4","5",
"OBS_DEU_P1M_RR","142","1967-09-01","147.2","4","5",
"OBS_DEU_P1M_RR","142","1967-10-01","23.6","4","5",
"OBS_DEU_P1M_RR","142","1967-11-01","23.5","4","5",
"OBS_DEU_P1M_RR","142","1967-12-01","30.9","4","5",
"OBS_DEU_P1M_RR","142","1968-01-01","71.7","4","5",
"OBS_DEU_P1M_RR","142","1968-02-01","35.2","4","5",
"OBS_DEU_P1M_RR","142","1968-03-01","23.2","4","5",
"OBS_DEU_P1M_RR","142","1968-04-01","50.1","4","5",
"OBS_DEU_P1M_RR","142","1968-05-01","83.8","4","5",
"OBS_DEU_P1M_RR","142","1968-06-01","127.4","4","5",
"OBS_DEU_P1M_RR","142","1968-07-01","84.2","4","5",
"OBS_DEU_P1M_RR","142","1968-08-01","128.4","4","5",
"OBS_DEU_P1M_RR","142","1968-09-01","108.4","4","5",
"OBS_DEU_P1M_RR","142","1968-10-01","61.1","4","5",
"OBS_DEU_P1M_RR","142","1968-11-01","11.7","4","5",
"OBS_DEU_P1M_RR","142","1968-12-01","25.1","4","5",
"OBS_DEU_P1M_RR","142","1969-01-01","32.9","4","5",
"OBS_DEU_P1M_RR","142","1969-02-01","37.1","4","5",
"OBS_DEU_P1M_RR","142","1969-03-01","57.8","4","5",
"OBS_DEU_P1M_RR","142","1969-04-01","44.2","4","5",
"OBS_DEU_P1M_RR","142","1969-05-01","68.5","4","5",
"OBS_DEU_P1M_RR","142","1969-06-01","167.9","4","5",
"OBS_DEU_P1M_RR","142","1969-07-01","57.2","4","5",
"OBS_DEU_P1M_RR","142","1969-08-01","135.4","4","5",
"OBS_DEU_P1M_RR","142","1969-09-01","7.8","4","5",
"OBS_DEU_P1M_RR","142","1969-10-01","5.2","4","5",
"OBS_DEU_P1M_RR","142","1969-11-01","58.7","4","5",
"OBS_DEU_P1M_RR","142","1969-12-01","46.8","4","5",
"OBS_DEU_P1M_RR","142","1970-01-01","43.1","4","5",
"OBS_DEU_P1M_RR","142","1970-02-01","124.1","4","5",
"OBS_DEU_P1M_RR","142","1970-03-01","28","4","5",
"OBS_DEU_P1M_RR","142","1970-04-01","113","4","5",
"OBS_DEU_P1M_RR","142","1970-05-01","76.2","4","5",
"OBS_DEU_P1M_RR","142","1970-06-01","78.2","4","5",
"OBS_DEU_P1M_RR","142","1970-07-01","84.2","4","5",
"OBS_DEU_P1M_RR","142","1970-08-01","146.1","4","5",
"OBS_DEU_P1M_RR","142","1970-09-01","50.7","4","5",
"OBS_DEU_P1M_RR","142","1970-10-01","69.6","4","5",
"OBS_DEU_P1M_RR","142","1970-11-01","57.1","4","5",
"OBS_DEU_P1M_RR","142","1970-12-01","32.8","4","5",
"OBS_DEU_P1M_RR","142","1971-01-01","20.5","4","5",
"OBS_DEU_P1M_RR","142","1971-02-01","40.7","4","5",
"OBS_DEU_P1M_RR","142","1971-03-01","34.8","4","5",
"OBS_DEU_P1M_RR","142","1971-04-01","43.4","4","5",
"OBS_DEU_P1M_RR","142","1971-05-01","70.4","4","5",
"OBS_DEU_P1M_RR","142","1971-06-01","133","4","5",
"OBS_DEU_P1M_RR","142","1971-07-01","47.4","4","5",
"OBS_DEU_P1M_RR","142","1971-08-01","92.8","4","5",
"OBS_DEU_P1M_RR","142","1971-09-01","36.5","4","5",
"OBS_DEU_P1M_RR","142","1971-10-01","8.9","4","5",
"OBS_DEU_P1M_RR","142","1971-11-01","57.6","4","5",
"OBS_DEU_P1M_RR","142","1971-12-01","30.8","4","5",
"OBS_DEU_P1M_RR","142","1972-01-01","30.4","4","5",
"OBS_DEU_P1M_RR","142","1972-02-01","7.7","4","5",
"OBS_DEU_P1M_RR","142","1972-03-01","19.6","4","5",
"OBS_DEU_P1M_RR","142","1972-04-01","115.9","4","5",
"OBS_DEU_P1M_RR","142","1972-05-01","40.6","4","5",
"OBS_DEU_P1M_RR","142","1972-06-01","98.8","4","5",
"OBS_DEU_P1M_RR","142","1972-07-01","65.6","4","5",
"OBS_DEU_P1M_RR","142","1972-08-01","59.6","4","5",
"OBS_DEU_P1M_RR","142","1972-09-01","40.7","4","5",
"OBS_DEU_P1M_RR","142","1972-10-01","49.5","4","5",
"OBS_DEU_P1M_RR","142","1972-11-01","148.6","4","5",
"OBS_DEU_P1M_RR","142","1972-12-01","12.1","4","5",
"OBS_DEU_P1M_RR","142","1973-01-01","32.3","4","5",
"OBS_DEU_P1M_RR","142","1973-02-01","40.6","4","5",
"OBS_DEU_P1M_RR","142","1973-03-01","43.1","4","5",
"OBS_DEU_P1M_RR","142","1973-04-01","67.2","4","5",
"OBS_DEU_P1M_RR","142","1973-05-01","53.9","4","5",
"OBS_DEU_P1M_RR","142","1973-06-01","93.2","4","5",
"OBS_DEU_P1M_RR","142","1973-07-01","102.8","4","5",
"OBS_DEU_P1M_RR","142","1973-08-01","75.6","4","5",
"OBS_DEU_P1M_RR","142","1973-09-01","37.5","4","5",
"OBS_DEU_P1M_RR","142","1973-10-01","74.1","4","5",
"OBS_DEU_P1M_RR","142","1973-11-01","116.6","4","5",
"OBS_DEU_P1M_RR","142","1973-12-01","47.2","4","5",
"OBS_DEU_P1M_RR","142","1974-01-01","53.4","4","5",
"OBS_DEU_P1M_RR","142","1974-02-01","68","4","5",
"OBS_DEU_P1M_RR","142","1974-03-01","35.4","4","5",
"OBS_DEU_P1M_RR","142","1974-04-01","26.4","4","5",
"OBS_DEU_P1M_RR","142","1974-05-01","104.9","4","5",
"OBS_DEU_P1M_RR","142","1974-06-01","108","4","5",
"OBS_DEU_P1M_RR","142","1974-07-01","105.9","4","5",
"OBS_DEU_P1M_RR","142","1974-08-01","81.1","4","5",
"OBS_DEU_P1M_RR","142","1974-09-01","58.3","4","5",
"OBS_DEU_P1M_RR","142","1974-10-01","126.4","4","5",
"OBS_DEU_P1M_RR","142","1974-11-01","73.3","4","5",
"OBS_DEU_P1M_RR","142","1974-12-01","92.2","4","5",
"OBS_DEU_P1M_RR","142","1975-01-01","58.7","4","5",
"OBS_DEU_P1M_RR","142","1975-02-01","22.7","4","5",
"OBS_DEU_P1M_RR","142","1975-03-01","60.1","4","5",
"OBS_DEU_P1M_RR","142","1975-04-01","49.8","4","5",
"OBS_DEU_P1M_RR","142","1975-05-01","79.6","4","5",
"OBS_DEU_P1M_RR","142","1975-06-01","155.6","4","5",
"OBS_DEU_P1M_RR","142","1975-07-01","150.2","4","5",
"OBS_DEU_P1M_RR","142","1975-08-01","148.9","4","5",
"OBS_DEU_P1M_RR","142","1975-09-01","60.7","4","5",
"OBS_DEU_P1M_RR","142","1975-10-01","63.3","4","5",
"OBS_DEU_P1M_RR","142","1975-11-01","71.1","4","5",
"OBS_DEU_P1M_RR","142","1975-12-01","22","4","5",
"OBS_DEU_P1M_RR","142","1976-01-01","56.3","4","5",
"OBS_DEU_P1M_RR","142","1976-02-01","22.8","4","5",
"OBS_DEU_P1M_RR","142","1976-03-01","18.7","4","5",
"OBS_DEU_P1M_RR","142","1976-04-01","56.7","4","5",
"OBS_DEU_P1M_RR","142","1976-05-01","89.5","4","5",
"OBS_DEU_P1M_RR","142","1976-06-01","41.2","4","5",
"OBS_DEU_P1M_RR","142","1976-07-01","92.2","4","5",
"OBS_DEU_P1M_RR","142","1976-08-01","95","4","5",
"OBS_DEU_P1M_RR","142","1976-09-01","89.1","4","5",
"OBS_DEU_P1M_RR","142","1976-10-01","42.4","4","5",
"OBS_DEU_P1M_RR","142","1976-11-01","58.2","4","5",
"OBS_DEU_P1M_RR","142","1976-12-01","37.8","4","5",
"OBS_DEU_P1M_RR","142","1977-01-01","39.1","4","5",
"OBS_DEU_P1M_RR","142","1977-02-01","89.9","4","5",
"OBS_DEU_P1M_RR","142","1977-03-01","33.3","4","5",
"OBS_DEU_P1M_RR","142","1977-04-01","78.8","4","5",
"OBS_DEU_P1M_RR","142","1977-05-01","28.7","4","5",
"OBS_DEU_P1M_RR","142","1977-06-01","148.9","4","5",
"OBS_DEU_P1M_RR","142","1977-07-01","139.3","4","5",
"OBS_DEU_P1M_RR","142","1977-08-01","105.2","4","5",
"OBS_DEU_P1M_RR","142","1977-09-01","76.5","4","5",
"OBS_DEU_P1M_RR","142","1977-10-01","57.3","4","5",
"OBS_DEU_P1M_RR","142","1977-11-01","82.5","4","5",
"OBS_DEU_P1M_RR","142","1977-12-01","65.8","4","5",
"OBS_DEU_P1M_RR","142","1978-01-01","33.4","4","5",
"OBS_DEU_P1M_RR","142","1978-02-01","56.4","4","5",
"OBS_DEU_P1M_RR","142","1978-03-01","71.1","4","5",
"OBS_DEU_P1M_RR","142","1978-04-01","28.7","4","5",
"OBS_DEU_P1M_RR","142","1978-05-01","146.3","4","5",
"OBS_DEU_P1M_RR","142","1978-06-01","129.2","4","5",
"OBS_DEU_P1M_RR","142","1978-07-01","88.9","4","5",
"OBS_DEU_P1M_RR","142","1978-08-01","109.2","4","5",
"OBS_DEU_P1M_RR","142","1978-09-01","80.6","4","5",
"OBS_DEU_P1M_RR","142","1978-10-01","63.8","4","5",
"OBS_DEU_P1M_RR","142","1978-11-01","11.7","4","5",
"OBS_DEU_P1M_RR","142","1978-12-01","36.6","4","5",
"OBS_DEU_P1M_RR","142","1979-01-01","68.3","4","5",
"OBS_DEU_P1M_RR","142","1979-02-01","46.5","4","5",
"OBS_DEU_P1M_RR","142","1979-03-01","93.7","4","5",
"OBS_DEU_P1M_RR","142","1979-04-01","62.8","4","5",
"OBS_DEU_P1M_RR","142","1979-05-01","29.3","4","5",
"OBS_DEU_P1M_RR","142","1979-06-01","204.6","4","5",
"OBS_DEU_P1M_RR","142","1979-07-01","96.8","4","5",
"OBS_DEU_P1M_RR","142","1979-08-01","103.6","4","5",
"OBS_DEU_P1M_RR","142","1979-09-01","150.1","4","5",
"OBS_DEU_P1M_RR","142","1979-10-01","21.7","4","5",
"OBS_DEU_P1M_RR","142","1979-11-01","96","4","5",
"OBS_DEU_P1M_RR","142","1979-12-01","44.7","4","5",
"OBS_DEU_P1M_RR","142","1980-01-01","52.9","4","5",
"OBS_DEU_P1M_RR","142","1980-02-01","51.4","4","5",
"OBS_DEU_P1M_RR","142","1980-03-01","57.6","4","5",
"OBS_DEU_P1M_RR","142","1980-04-01","148.2","4","5",
"OBS_DEU_P1M_RR","142","1980-05-01","68.8","4","5",
"OBS_DEU_P1M_RR","142","1980-06-01","112.3","4","5",
"OBS_DEU_P1M_RR","142","1980-07-01","169.3","4","5",
"OBS_DEU_P1M_RR","142","1980-08-01","60.2","4","5",
"OBS_DEU_P1M_RR","142","1980-09-01","45","4","5",
"OBS_DEU_P1M_RR","142","1980-10-01","99.3","4","5",
"OBS_DEU_P1M_RR","142","1980-11-01","34.7","4","5",
"OBS_DEU_P1M_RR","142","1980-12-01","39.4","4","5",
"OBS_DEU_P1M_RR","142","1981-01-01","70.4","4","10",
"OBS_DEU_P1M_RR","142","1981-02-01","30.5","4","10",
"OBS_DEU_P1M_RR","142","1981-03-01","38.8","4","10",
"OBS_DEU_P1M_RR","142","1981-04-01","22.4","4","10",
"OBS_DEU_P1M_RR","142","1981-05-01","102","4","10",
"OBS_DEU_P1M_RR","142","1981-06-01","56.3","4","10",
"OBS_DEU_P1M_RR","142","1981-07-01","200.2","4","10",
"OBS_DEU_P1M_RR","142","1981-08-01","78.6","4","10",
"OBS_DEU_P1M_RR","142","1981-09-01","138.5","4","10",
"OBS_DEU_P1M_RR","142","1981-10-01","196.5","4","10",
"OBS_DEU_P1M_RR","142","1981-11-01","64.9","4","10",
"OBS_DEU_P1M_RR","142","1981-12-01","107.2","4","10",
"OBS_DEU_P1M_RR","142","1982-01-01","96.9","4","10",
"OBS_DEU_P1M_RR","142","1982-02-01","9.3","4","10",
"OBS_DEU_P1M_RR","142","1982-03-01","28.5","4","10",
"OBS_DEU_P1M_RR","142","1982-04-01","32.1","4","10",
"OBS_DEU_P1M_RR","142","1982-05-01","43.1","4","10",
"OBS_DEU_P1M_RR","142","1982-06-01","121.1","4","10",
"OBS_DEU_P1M_RR","142","1982-07-01","120.1","4","10",
"OBS_DEU_P1M_RR","142","1982-08-01","100.7","4","10",
"OBS_DEU_P1M_RR","142","1982-09-01","52.5","4","10",
"OBS_DEU_P1M_RR","142","1982-10-01","66.1","4","10",
"OBS_DEU_P1M_RR","142","1982-11-01","51.9","4","10",
"OBS_DEU_P1M_RR","142","1982-12-01","113.5","4","10",
"OBS_DEU_P1M_RR","142","1983-01-01","69","4","10",
"OBS_DEU_P1M_RR","142","1983-02-01","47.4","4","10",
"OBS_DEU_P1M_RR","142","1983-03-01","37.9","4","10",
"OBS_DEU_P1M_RR","142","1983-04-01","104.7","4","10",
"OBS_DEU_P1M_RR","142","1983-05-01","100.2","4","10",
"OBS_DEU_P1M_RR","142","1983-06-01","62","4","10",
"OBS_DEU_P1M_RR","142","1983-07-01","60.1","4","10",
"OBS_DEU_P1M_RR","142","1983-08-01","128.7","4","10",
"OBS_DEU_P1M_RR","142","1983-09-01","80.1","4","10",
"OBS_DEU_P1M_RR","142","1983-10-01","29.5","4","10",
"OBS_DEU_P1M_RR","142","1983-11-01","33.3","4","10",
"OBS_DEU_P1M_RR","142","1983-12-01","42.3","4","10",
"OBS_DEU_P1M_RR","142","1984-01-01","74.6","4","10",
"OBS_DEU_P1M_RR","142","1984-02-01","52.1","4","10",
"OBS_DEU_P1M_RR","142","1984-03-01","16.3","4","10",
"OBS_DEU_P1M_RR","142","1984-04-01","28.7","4","10",
"OBS_DEU_P1M_RR","142","1984-05-01","131","4","10",
"OBS_DEU_P1M_RR","142","1984-06-01","87.5","4","10",
"OBS_DEU_P1M_RR","142","1984-07-01","93","4","10",
"OBS_DEU_P1M_RR","142","1984-08-01","72.5","4","10",
"OBS_DEU_P1M_RR","142","1984-09-01","152.1","4","10",
"OBS_DEU_P1M_RR","142","1984-10-01","16.1","4","10",
"OBS_DEU_P1M_RR","142","1984-11-01","48.6","4","10",
"OBS_DEU_P1M_RR","142","1984-12-01","51.1","4","10",
"OBS_DEU_P1M_RR","142","1985-01-01","77.2","4","10",
"OBS_DEU_P1M_RR","142","1985-02-01","48","4","10",
"OBS_DEU_P1M_RR","142","1985-03-01","47.2","4","10",
"OBS_DEU_P1M_RR","142","1985-04-01","60.4","4","10",
"OBS_DEU_P1M_RR","142","1985-05-01","192.9","4","10",
"OBS_DEU_P1M_RR","142","1985-06-01","105.6","4","10",
"OBS_DEU_P1M_RR","142","1985-07-01","66.3","4","10",
"OBS_DEU_P1M_RR","142","1985-08-01","139.8","4","10",
"OBS_DEU_P1M_RR","142","1985-09-01","51.7","4","10",
"OBS_DEU_P1M_RR","142","1985-10-01","20.3","4","10",
"OBS_DEU_P1M_RR","142","1985-11-01","94.1","4","10",
"OBS_DEU_P1M_RR","142","1985-12-01","33.3","4","10",
"OBS_DEU_P1M_RR","142","1986-01-01","88.7","4","10",
"OBS_DEU_P1M_RR","142","1986-02-01","25","4","10",
"OBS_DEU_P1M_RR","142","1986-03-01","56.2","4","10",
"OBS_DEU_P1M_RR","142","1986-04-01","106.3","4","10",
"OBS_DEU_P1M_RR","142","1986-05-01","133.1","4","10",
"OBS_DEU_P1M_RR","142","1986-06-01","77.3","4","10",
"OBS_DEU_P1M_RR","142","1986-07-01","121.5","4","10",
"OBS_DEU_P1M_RR","142","1986-08-01","115.9","4","10",
"OBS_DEU_P1M_RR","142","1986-09-01","19.1","4","10",
"OBS_DEU_P1M_RR","142","1986-10-01","70.1","4","10",
"OBS_DEU_P1M_RR","142","1986-11-01","29.4","4","10",
"OBS_DEU_P1M_RR","142","1986-12-01","47.4","4","10",
"OBS_DEU_P1M_RR","142","1987-01-01","40.5","4","10",
"OBS_DEU_P1M_RR","142","1987-02-01","62.4","4","10",
"OBS_DEU_P1M_RR","142","1987-03-01","46.9","4","10",
"OBS_DEU_P1M_RR","142","1987-04-01","44","4","10",
"OBS_DEU_P1M_RR","142","1987-05-01","138.8","4","10",
"OBS_DEU_P1M_RR","142","1987-06-01","195.8","4","10",
"OBS_DEU_P1M_RR","142","1987-07-01","163.1","4","10",
"OBS_DEU_P1M_RR","142","1987-08-01","132","4","10",
"OBS_DEU_P1M_RR","142","1987-09-01","99.3","4","10",
"OBS_DEU_P1M_RR","142","1987-10-01","14.8","4","10",
"OBS_DEU_P1M_RR","142","1987-11-01","65.4","4","10",
"OBS_DEU_P1M_RR","142","1987-12-01","57.2","4","10",
"OBS_DEU_P1M_RR","142","1988-01-01","35.1","4","10",
"OBS_DEU_P1M_RR","142","1988-02-01","66.2","4","10",
"OBS_DEU_P1M_RR","142","1988-03-01","128.4","4","10",
"OBS_DEU_P1M_RR","142","1988-04-01","28.3","4","10",
"OBS_DEU_P1M_RR","142","1988-05-01","88.6","4","10",
"OBS_DEU_P1M_RR","142","1988-06-01","122.9","4","10",
"OBS_DEU_P1M_RR","142","1988-07-01","105.6","4","10",
"OBS_DEU_P1M_RR","142","1988-08-01","120.9","4","10",
"OBS_DEU_P1M_RR","142","1988-09-01","55.9","4","10",
"OBS_DEU_P1M_RR","142","1988-10-01","54","4","10",
"OBS_DEU_P1M_RR","142","1988-11-01","49","4","10",
"OBS_DEU_P1M_RR","142","1988-12-01","110.3","4","10",
"OBS_DEU_P1M_RR","142","1989-01-01","19.8","4","10",
"OBS_DEU_P1M_RR","142","1989-02-01","44.4","4","10",
"OBS_DEU_P1M_RR","142","1989-03-01","29.8","4","10",
"OBS_DEU_P1M_RR","142","1989-04-01","141.4","4","10",
"OBS_DEU_P1M_RR","142","1989-05-01","34","4","10",
"OBS_DEU_P1M_RR","142","1989-06-01","86.8","4","10",
"OBS_DEU_P1M_RR","142","1989-07-01","127.9","4","10",
"OBS_DEU_P1M_RR","142","1989-08-01","50.1","4","10",
"OBS_DEU_P1M_RR","142","1989-09-01","65.1","4","10",
"OBS_DEU_P1M_RR","142","1989-10-01","49.1","4","10",
"OBS_DEU_P1M_RR","142","1989-11-01","65.1","4","10",
"OBS_DEU_P1M_RR","142","1989-12-01","74","4","10",
"OBS_DEU_P1M_RR","142","1990-01-01","26.6","4","10",
"OBS_DEU_P1M_RR","142","1990-02-01","103.1","4","10",
"OBS_DEU_P1M_RR","142","1990-03-01","33.3","4","10",
"OBS_DEU_P1M_RR","142","1990-04-01","78","4","10",
"OBS_DEU_P1M_RR","142","1990-05-01","40.4","4","10",
"OBS_DEU_P1M_RR","142","1990-06-01","178","4","10",
"OBS_DEU_P1M_RR","142","1990-07-01","56.5","4","10",
"OBS_DEU_P1M_RR","142","1990-08-01","39.6","4","10",
"OBS_DEU_P1M_RR","142","1990-09-01","113.5","4","10",
"OBS_DEU_P1M_RR","142","1990-10-01","60.8","4","10",
"OBS_DEU_P1M_RR","142","1990-11-01","82.7","4","10",
"OBS_DEU_P1M_RR","142","1990-12-01","48.6","4","10",
"OBS_DEU_P1M_RR","142","1991-01-01","44.8","4","9",
"OBS_DEU_P1M_RR","142","1991-02-01","11.8","4","9",
"OBS_DEU_P1M_RR","142","1991-03-01","31.2","4","9",
"OBS_DEU_P1M_RR","142","1991-04-01","27.2","4","9",
"OBS_DEU_P1M_RR","142","1991-05-01","101.6","4","9",
"OBS_DEU_P1M_RR","142","1991-06-01","162.9","4","9",
"OBS_DEU_P1M_RR","142","1991-07-01","126.4","4","9",
"OBS_DEU_P1M_RR","142","1991-08-01","56.7","4","9",
"OBS_DEU_P1M_RR","142","1991-09-01","57.8","4","9",
"OBS_DEU_P1M_RR","142","1991-10-01","9.9","4","9",
"OBS_DEU_P1M_RR","142","1991-11-01","61.6","4","9",
"OBS_DEU_P1M_RR","142","1991-12-01","58.7","4","9",
"OBS_DEU_P1M_RR","142","1992-01-01","17.7","4","9",
"OBS_DEU_P1M_RR","142","1992-02-01","45.9","4","9",
"OBS_DEU_P1M_RR","142","1992-03-01","83.5","4","9",
"OBS_DEU_P1M_RR","142","1992-04-01","69.9","4","9",
"OBS_DEU_P1M_RR","142","1992-05-01","9.5","4","9",
"OBS_DEU_P1M_RR","142","1992-06-01","128.3","4","9",
"OBS_DEU_P1M_RR","142","1992-07-01","116.1","4","9",
"OBS_DEU_P1M_RR","142","1992-08-01","80","4","9",
"OBS_DEU_P1M_RR","142","1992-09-01","78","4","9",
"OBS_DEU_P1M_RR","142","1992-10-01","109.4","4","9",
"OBS_DEU_P1M_RR","142","1992-11-01","110.4","4","9",
"OBS_DEU_P1M_RR","142","1992-12-01","66.6","4","9",
"OBS_DEU_P1M_RR","142","1993-01-01","48.3","4","9",
"OBS_DEU_P1M_RR","142","1993-02-01","22.4","4","9",
"OBS_DEU_P1M_RR","142","1993-03-01","24.6","4","9",
"OBS_DEU_P1M_RR","142","1993-04-01","40.7","4","9",
"OBS_DEU_P1M_RR","142","1993-05-01","94.5","4","9",
"OBS_DEU_P1M_RR","142","1993-06-01","152","4","9",
"OBS_DEU_P1M_RR","142","1993-07-01","213.3","4","9",
"OBS_DEU_P1M_RR","142","1993-08-01","109.3","4","9",
"OBS_DEU_P1M_RR","142","1993-09-01","94.5","4","9",
"OBS_DEU_P1M_RR","142","1993-10-01","101.7","4","9",
"OBS_DEU_P1M_RR","142","1993-11-01","31.2","4","9",
"OBS_DEU_P1M_RR","142","1993-12-01","67.1","4","9",
"OBS_DEU_P1M_RR","142","1994-01-01","61.4","4","9",
"OBS_DEU_P1M_RR","142","1994-02-01","34.1","4","9",
"OBS_DEU_P1M_RR","142","1994-03-01","60.5","4","9",
"OBS_DEU_P1M_RR","142","1994-04-01","133.5","4","9",
"OBS_DEU_P1M_RR","142","1994-05-01","62.6","4","9",
"OBS_DEU_P1M_RR","142","1994-06-01","36.4","4","9",
"OBS_DEU_P1M_RR","142","1994-07-01","83.5","4","9",
"OBS_DEU_P1M_RR","142","1994-08-01","78.2","4","9",
"OBS_DEU_P1M_RR","142","1994-09-01","88.9","4","9",
"OBS_DEU_P1M_RR","142","1994-10-01","35.4","4","9",
"OBS_DEU_P1M_RR","142","1994-11-01","57","4","9",
"OBS_DEU_P1M_RR","142","1994-12-01","70.4","4","9",
"OBS_DEU_P1M_RR","142","1995-01-01","69.8","4","9",
"OBS_DEU_P1M_RR","142","1995-02-01","50.2","4","9",
"OBS_DEU_P1M_RR","142","1995-03-01","76.8","4","9",
"OBS_DEU_P1M_RR","142","1995-04-01","48.7","4","9",
"OBS_DEU_P1M_RR","142","1995-05-01","99.2","4","9",
"OBS_DEU_P1M_RR","142","1995-06-01","150.4","4","9",
"OBS_DEU_P1M_RR","142","1995-07-01","56.8","4","9",
"OBS_DEU_P1M_RR","142","1995-08-01","78.1","4","9",
"OBS_DEU_P1M_RR","142","1995-09-01","49.1","4","9",
"OBS_DEU_P1M_RR","142","1995-10-01","20.4","4","9",
"OBS_DEU_P1M_RR","142","1995-11-01","64.4","4","9",
"OBS_DEU_P1M_RR","142","1995-12-01","70.5","4","9",
"OBS_DEU_P1M_RR","142","1996-01-01","11.2","4","9",
"OBS_DEU_P1M_RR","142","1996-02-01","32.2","4","9",
"OBS_DEU_P1M_RR","142","1996-03-01","43.5","4","9",
"OBS_DEU_P1M_RR","142","1996-04-01","35.8","4","9",
"OBS_DEU_P1M_RR","142","1996-05-01","115.2","4","9",
"OBS_DEU_P1M_RR","142","1996-06-01","68","4","9",
"OBS_DEU_P1M_RR","142","1996-07-01","133.3","4","9",
"OBS_DEU_P1M_RR","142","1996-08-01","162.5","4","9",
"OBS_DEU_P1M_RR","142","1996-09-01","33.5","4","9",
"OBS_DEU_P1M_RR","142","1996-10-01","52.4","4","9",
"OBS_DEU_P1M_RR","142","1996-11-01","86.7","4","9",
"OBS_DEU_P1M_RR","142","1996-12-01","45.1","4","9",
"OBS_DEU_P1M_RR","142","1997-01-01","1.2","4","9",
"OBS_DEU_P1M_RR","142","1997-02-01","45.5","4","9",
"OBS_DEU_P1M_RR","142","1997-03-01","65.8","4","9",
"OBS_DEU_P1M_RR","142","1997-04-01","57.2","4","9",
"OBS_DEU_P1M_RR","142","1997-05-01","41.9","4","9",
"OBS_DEU_P1M_RR","142","1997-06-01","112.3","4","9",
"OBS_DEU_P1M_RR","142","1997-07-01","157.2","4","9",
"OBS_DEU_P1M_RR","142","1997-08-01","106.2","4","9",
"OBS_DEU_P1M_RR","142","1997-09-01","14.3","4","9",
"OBS_DEU_P1M_RR","142","1997-10-01","78.3","4","9",
"OBS_DEU_P1M_RR","142","1997-11-01","20.4","4","9",
"OBS_DEU_P1M_RR","142","1997-12-01","84.4","4","9",
"OBS_DEU_P1M_RR","142","1998-01-01","28.5","4","9",
"OBS_DEU_P1M_RR","142","1998-02-01","28.1","4","9",
"OBS_DEU_P1M_RR","142","1998-03-01","52.4","4","9",
"OBS_DEU_P1M_RR","142","1998-04-01","60.9","4","9",
"OBS_DEU_P1M_RR","142","1998-05-01","67.1","4","9",
"OBS_DEU_P1M_RR","142","1998-06-01","142.8","4","9",
"OBS_DEU_P1M_RR","142","1998-07-01","91.8","4","9",
"OBS_DEU_P1M_RR","142","1998-08-01","36.4","4","9",
"OBS_DEU_P1M_RR","142","1998-09-01","143","4","9",
"OBS_DEU_P1M_RR","142","1998-10-01","192.5","4","9",
"OBS_DEU_P1M_RR","142","1998-11-01","97.5","4","9",
"OBS_DEU_P1M_RR","142","1998-12-01","38.9","4","9",
"OBS_DEU_P1M_RR","142","1999-01-01","68.3","4","9",
"OBS_DEU_P1M_RR","142","1999-02-01","95","4","9",
"OBS_DEU_P1M_RR","142","1999-03-01","52.8","4","9",
"OBS_DEU_P1M_RR","142","1999-04-01","75.3","4","9",
"OBS_DEU_P1M_RR","142","1999-05-01","150.7","4","9",
"OBS_DEU_P1M_RR","142","1999-06-01","116.3","4","9",
"OBS_DEU_P1M_RR","142","1999-07-01","93.3","4","9",
"OBS_DEU_P1M_RR","142","1999-08-01","50","4","9",
"OBS_DEU_P1M_RR","142","1999-09-01","51.3","4","9",
"OBS_DEU_P1M_RR","142","1999-10-01","39.7","4","9",
"OBS_DEU_P1M_RR","142","1999-11-01","79","4","9",
"OBS_DEU_P1M_RR","142","1999-12-01","94.9","4","9",
"OBS_DEU_P1M_RR","142","2000-01-01","54.2","4","9",
"OBS_DEU_P1M_RR","142","2000-02-01","71.8","4","9",
"OBS_DEU_P1M_RR","142","2000-03-01","112.6","4","9",
"OBS_DEU_P1M_RR","142","2000-04-01","29.7","4","9",
"OBS_DEU_P1M_RR","142","2000-05-01","122.2","4","9",
"OBS_DEU_P1M_RR","142","2000-06-01","45","4","9",
"OBS_DEU_P1M_RR","142","2000-07-01","164.2","4","9",
"OBS_DEU_P1M_RR","142","2000-08-01","91.4","4","9",
"OBS_DEU_P1M_RR","142","2000-09-01","132.7","4","9",
"OBS_DEU_P1M_RR","142","2000-10-01","82.7","4","9",
"OBS_DEU_P1M_RR","142","2000-11-01","36.2","4","9",
"OBS_DEU_P1M_RR","142","2000-12-01","42.7","4","9",
"OBS_DEU_P1M_RR","142","2001-01-01","74.1","4","9",
"OBS_DEU_P1M_RR","142","2001-02-01","58.8","4","9",
"OBS_DEU_P1M_RR","142","2001-03-01","166.7","4","9",
"OBS_DEU_P1M_RR","142","2001-04-01","64.2","4","9",
"OBS_DEU_P1M_RR","142","2001-05-01","55.6","4","9",
"OBS_DEU_P1M_RR","142","2001-06-01","112.5","4","9",
"OBS_DEU_P1M_RR","142","2001-07-01","54.2","4","9",
"OBS_DEU_P1M_RR","142","2001-08-01","96.5","4","9",
"OBS_DEU_P1M_RR","142","2001-09-01","118.2","4","9",
"OBS_DEU_P1M_RR","142","2001-10-01","47.5","4","9",
"OBS_DEU_P1M_RR","142","2001-11-01","101.9","4","9",
"OBS_DEU_P1M_RR","142","2001-12-01","87.3","4","9",
"OBS_DEU_P1M_RR","142","2002-01-01","11.1","4","9",
"OBS_DEU_P1M_RR","142","2002-02-01","56.8","4","9",
"OBS_DEU_P1M_RR","142","2002-03-01","107.6","4","9",
"OBS_DEU_P1M_RR","142","2002-04-01","26.2","4","9",
"OBS_DEU_P1M_RR","142","2002-05-01","122.9","4","9",
"OBS_DEU_P1M_RR","142","2002-06-01","65.2","4","9",
"OBS_DEU_P1M_RR","142","2002-07-01","109.2","4","9",
"OBS_DEU_P1M_RR","142","2002-08-01","136","4","9",
"OBS_DEU_P1M_RR","142","2002-09-01","102.2","4","9",
"OBS_DEU_P1M_RR","142","2002-10-01","102.1","4","9",
"OBS_DEU_P1M_RR","142","2002-11-01","132","4","9",
"OBS_DEU_P1M_RR","142","2002-12-01","85.2","4","9",
"OBS_DEU_P1M_RR","142","2003-01-01","71.2","4","9",
"OBS_DEU_P1M_RR","142","2003-02-01","30.6","4","9",
"OBS_DEU_P1M_RR","142","2003-03-01","15.4","4","9",
"OBS_DEU_P1M_RR","142","2003-04-01","26","4","9",
"OBS_DEU_P1M_RR","142","2003-05-01","74.6","4","9",
"OBS_DEU_P1M_RR","142","2003-06-01","66.4","4","9",
"OBS_DEU_P1M_RR","142","2003-07-01","96.1","4","9",
"OBS_DEU_P1M_RR","142","2003-08-01","24.8","4","9",
"OBS_DEU_P1M_RR","142","2003-09-01","36.9","4","9",
"OBS_DEU_P1M_RR","142","2003-10-01","108.5","4","9",
"OBS_DEU_P1M_RR","142","2003-11-01","50.7","4","9",
"OBS_DEU_P1M_RR","142","2003-12-01","41.9","4","9",
"OBS_DEU_P1M_RR","142","2004-01-01","159.8","4","9",
"OBS_DEU_P1M_RR","142","2004-02-01","39.6","4","9",
"OBS_DEU_P1M_RR","142","2004-03-01","49.9","4","9",
"OBS_DEU_P1M_RR","142","2004-04-01","62.5","4","9",
"OBS_DEU_P1M_RR","142","2004-05-01","57.9","4","9",
"OBS_DEU_P1M_RR","142","2004-06-01","92.9","4","9",
"OBS_DEU_P1M_RR","142","2004-07-01","114.4","4","9",
"OBS_DEU_P1M_RR","142","2004-08-01","77","4","9",
"OBS_DEU_P1M_RR","142","2004-09-01","50.2","4","9",
"OBS_DEU_P1M_RR","142","2004-10-01","69.2","4","9",
"OBS_DEU_P1M_RR","142","2004-11-01","40.7","4","9",
"OBS_DEU_P1M_RR","142","2004-12-01","36.9","4","9",
"OBS_DEU_P1M_RR","142","2005-01-01","73.3","4","9",
"OBS_DEU_P1M_RR","142","2005-02-01","84.5","4","9",
"OBS_DEU_P1M_RR","142","2005-03-01","43.9","4","9",
"OBS_DEU_P1M_RR","142","2005-04-01","101.7","4","9",
"OBS_DEU_P1M_RR","142","2005-05-01","98.8","4","9",
"OBS_DEU_P1M_RR","142","2005-06-01","82.9","4","9",
"OBS_DEU_P1M_RR","142","2005-07-01","159.2","4","9",
"OBS_DEU_P1M_RR","142","2005-08-01","162.9","4","9",
"OBS_DEU_P1M_RR","142","2005-09-01","43.7","4","9",
"OBS_DEU_P1M_RR","142","2005-10-01","43","4","9",
"OBS_DEU_P1M_RR","142","2005-11-01","46.5","4","9",
"OBS_DEU_P1M_RR","142","2005-12-01","43.6","4","9",
"OBS_DEU_P1M_RR","142","2006-01-01","22","4","9",
"OBS_DEU_P1M_RR","142","2006-02-01","35.1","4","9",
"OBS_DEU_P1M_RR","142","2006-03-01","110.6","4","9",
"OBS_DEU_P1M_RR","142","2006-04-01","90.5","4","9",
"OBS_DEU_P1M_RR","142","2006-05-01","90.6","4","9",
"OBS_DEU_P1M_RR","142","2006-06-01","74.1","4","9",
"OBS_DEU_P1M_RR","142","2006-07-01","36.8","4","9",
"OBS_DEU_P1M_RR","142","2006-08-01","126.1","4","9",
"OBS_DEU_P1M_RR","142","2006-09-01","18.8","4","9",
"OBS_DEU_P1M_RR","142","2006-10-01","29.6","4","9",
"OBS_DEU_P1M_RR","142","2006-11-01","35.4","4","9",
"OBS_DEU_P1M_RR","142","2006-12-01","38","4","9",
"OBS_DEU_P1M_RR","142","2007-01-01","47.3","4","9",
"OBS_DEU_P1M_RR","142","2007-02-01","67.9","4","9",
"OBS_DEU_P1M_RR","142","2007-03-01","37.4","4","9",
"OBS_DEU_P1M_RR","142","2007-04-01","7.7","4","9",
"OBS_DEU_P1M_RR","142","2007-05-01","145.2","4","9",
"OBS_DEU_P1M_RR","142","2007-06-01","104.2","4","9",
"OBS_DEU_P1M_RR","142","2007-07-01","136.3","4","9",
"OBS_DEU_P1M_RR","142","2007-08-01","92.3","4","9",
"OBS_DEU_P1M_RR","142","2007-09-01","88.3","4","9",
"OBS_DEU_P1M_RR","142","2007-10-01","20.5","4","9",
"OBS_DEU_P1M_RR","142","2007-11-01","82.6","4","9",
"OBS_DEU_P1M_RR","142","2007-12-01","50.2","4","9",
"OBS_DEU_P1M_RR","142","2008-01-01","50.4","4","9",
"OBS_DEU_P1M_RR","142","2008-02-01","23.3","4","9",
"OBS_DEU_P1M_RR","142","2008-03-01","67.4","4","9",
"OBS_DEU_P1M_RR","142","2008-04-01","101","4","9",
"OBS_DEU_P1M_RR","142","2008-05-01","76.1","4","9",
"OBS_DEU_P1M_RR","142","2008-06-01","156.4","4","9",
"OBS_DEU_P1M_RR","142","2008-07-01","120.8","4","9",
"OBS_DEU_P1M_RR","142","2008-08-01","87.5","4","9",
"OBS_DEU_P1M_RR","142","2008-09-01","50.2","4","9",
"OBS_DEU_P1M_RR","142","2008-10-01","40.5","4","9",
"OBS_DEU_P1M_RR","142","2008-11-01","36","4","9",
"OBS_DEU_P1M_RR","142","2008-12-01","36.2","4","9",
"OBS_DEU_P1M_RR","142","2009-01-01","23.1","4","9",
"OBS_DEU_P1M_RR","142","2009-02-01","37.3","4","9",
"OBS_DEU_P1M_RR","142","2009-03-01","72.3","4","9",
"OBS_DEU_P1M_RR","142","2009-04-01","16","4","9",
"OBS_DEU_P1M_RR","142","2009-05-01","112.3","4","9",
"OBS_DEU_P1M_RR","142","2009-06-01","128.3","4","9",
"OBS_DEU_P1M_RR","142","2009-07-01","134.1","4","9",
"OBS_DEU_P1M_RR","142","2009-08-01","63.4","4","9",
"OBS_DEU_P1M_RR","142","2009-09-01","36.1","4","9",
"OBS_DEU_P1M_RR","142","2009-10-01","55.8","4","9",
"OBS_DEU_P1M_RR","142","2009-11-01","45.4","4","9",
"OBS_DEU_P1M_RR","142","2009-12-01","80.3","4","9",
"OBS_DEU_P1M_RR","142","2010-01-01","38.1","4","9",
"OBS_DEU_P1M_RR","142","2010-02-01","40.6","4","9",
"OBS_DEU_P1M_RR","142","2010-03-01","37.3","4","9",
"OBS_DEU_P1M_RR","142","2010-04-01","21","4","9",
"OBS_DEU_P1M_RR","142","2010-05-01","130.6","4","9",
"OBS_DEU_P1M_RR","142","2010-06-01","124.4","4","9",
"OBS_DEU_P1M_RR","142","2010-07-01","111.7","4","9",
"OBS_DEU_P1M_RR","142","2010-08-01","134.6","4","9",
"OBS_DEU_P1M_RR","142","2010-09-01","55.6","4","9",
"OBS_DEU_P1M_RR","142","2010-10-01","27.9","4","9",
"OBS_DEU_P1M_RR","142","2010-11-01","61.5","4","9",
"OBS_DEU_P1M_RR","142","2010-12-01","118.5","4","9",
"OBS_DEU_P1M_RR","142","2011-01-01","53.4","4","9",
"OBS_DEU_P1M_RR","142","2011-02-01","13.2","4","9",
"OBS_DEU_P1M_RR","142","2011-03-01","50.3","4","9",
"OBS_DEU_P1M_RR","142","2011-04-01","22.3","4","9",
"OBS_DEU_P1M_RR","142","2011-05-01","64","4","9",
"OBS_DEU_P1M_RR","142","2011-06-01","90.3","4","9",
"OBS_DEU_P1M_RR","142","2011-07-01","112.3","4","9",
"OBS_DEU_P1M_RR","142","2011-08-01","53.3","4","9",
"OBS_DEU_P1M_RR","142","2011-09-01","69.8","4","9",
"OBS_DEU_P1M_RR","142","2011-10-01","43.2","4","9",
"OBS_DEU_P1M_RR","142","2011-11-01","1.4","4","9",
"OBS_DEU_P1M_RR","142","2011-12-01","90.8","4","9",
"OBS_DEU_P1M_RR","142","2012-01-01","94.1","4","9",
"OBS_DEU_P1M_RR","142","2012-02-01","17.4","4","9",
"OBS_DEU_P1M_RR","142","2012-03-01","16","4","9",
"OBS_DEU_P1M_RR","142","2012-04-01","60.4","4","9",
"OBS_DEU_P1M_RR","142","2012-05-01","72.4","4","9",
"OBS_DEU_P1M_RR","142","2012-06-01","136.3","4","9",
"OBS_DEU_P1M_RR","142","2012-07-01","76.3","4","9",
"OBS_DEU_P1M_RR","142","2012-08-01","120","4","9",
"OBS_DEU_P1M_RR","142","2012-09-01","43.2","4","9",
"OBS_DEU_P1M_RR","142","2012-10-01","46.2","4","9",
"OBS_DEU_P1M_RR","142","2012-11-01","75.9","4","9",
"OBS_DEU_P1M_RR","142","2012-12-01","83.1","4","9",
"OBS_DEU_P1M_RR","142","2013-01-01","61.8","4","9",
"OBS_DEU_P1M_RR","142","2013-02-01","69.5","4","9",
"OBS_DEU_P1M_RR","142","2013-03-01","33.6","4","9",
"OBS_DEU_P1M_RR","142","2013-04-01","60.4","4","9",
"OBS_DEU_P1M_RR","142","2013-05-01","134.3","4","9",
"OBS_DEU_P1M_RR","142","2013-06-01","127.5","4","9",
"OBS_DEU_P1M_RR","142","2013-07-01","19.2","4","9",
"OBS_DEU_P1M_RR","142","2013-08-01","105","4","9",
"OBS_DEU_P1M_RR","142","2013-09-01","89.6","4","9",
"OBS_DEU_P1M_RR","142","2013-10-01","67.7","4","9",
"OBS_DEU_P1M_RR","142","2013-11-01","60.6","4","9",
"OBS_DEU_P1M_RR","142","2013-12-01","11.8","4","9",
"OBS_DEU_P1M_RR","142","2014-01-01","61.7","4","9",
"OBS_DEU_P1M_RR","142","2014-02-01","11.1","4","9",
"OBS_DEU_P1M_RR","142","2014-03-01","30.2","4","9",
"OBS_DEU_P1M_RR","142","2014-04-01","27.6","4","9",
"OBS_DEU_P1M_RR","142","2014-05-01","84","4","9",
"OBS_DEU_P1M_RR","142","2014-06-01","58.2","4","9",
"OBS_DEU_P1M_RR","142","2014-07-01","175","4","9",
"OBS_DEU_P1M_RR","142","2014-08-01","116.2","4","9",
"OBS_DEU_P1M_RR","142","2014-09-01","58.2","4","9",
"OBS_DEU_P1M_RR","142","2014-10-01","89.4","4","9",
"OBS_DEU_P1M_RR","142","2014-11-01","39.2","4","9",
"OBS_DEU_P1M_RR","142","2014-12-01","60.4","4","9",
"OBS_DEU_P1M_RR","142","2015-01-01","87","4","9",
"OBS_DEU_P1M_RR","142","2015-02-01","16.4","4","9",
"OBS_DEU_P1M_RR","142","2015-03-01","41.1","4","9",
"OBS_DEU_P1M_RR","142","2015-04-01","58.8","4","9",
"OBS_DEU_P1M_RR","142","2015-06-01","91.4","4","9",
"OBS_DEU_P1M_RR","142","2015-07-01","26","4","9",
"OBS_DEU_P1M_RR","142","2015-08-01","40.5","4","9",
"OBS_DEU_P1M_RR","142","2015-09-01","41.6","4","9",
"OBS_DEU_P1M_RR","142","2015-10-01","51.5","4","9",
"OBS_DEU_P1M_RR","142","2015-11-01","80.7","4","9",
"OBS_DEU_P1M_RR","142","2015-12-01","18.9","4","9",
"OBS_DEU_P1M_RR","142","2016-01-01","90.8","4","9",
"OBS_DEU_P1M_RR","142","2016-02-01","56.7","4","9",
"OBS_DEU_P1M_RR","142","2016-03-01","41","4","9",
"OBS_DEU_P1M_RR","142","2016-04-01","56.7","4","9",
"OBS_DEU_P1M_RR","142","2016-05-01","100.8","4","9",
"OBS_DEU_P1M_RR","142","2016-06-01","98.8","4","9",
"OBS_DEU_P1M_RR","142","2016-07-01","65.1","4","9",
"OBS_DEU_P1M_RR","142","2016-08-01","70.4","4","9",
"OBS_DEU_P1M_RR","142","2016-09-01","77.4","4","9",
"OBS_DEU_P1M_RR","142","2016-10-01","39.3","4","9",
"OBS_DEU_P1M_RR","142","2016-11-01","79.9","4","9",
"OBS_DEU_P1M_RR","142","2016-12-01","4.6","4","9",
"OBS_DEU_P1M_RR","142","2017-01-01","38.8","4","9",
"OBS_DEU_P1M_RR","142","2017-02-01","31.8","4","9",
"OBS_DEU_P1M_RR","142","2017-03-01","42.3","4","9",
"OBS_DEU_P1M_RR","142","2017-04-01","93.6","4","9",
"OBS_DEU_P1M_RR","142","2017-05-01","70","4","9",
"OBS_DEU_P1M_RR","142","2017-06-01","59.7","4","9",
"OBS_DEU_P1M_RR","142","2017-07-01","123","4","9",
"OBS_DEU_P1M_RR","142","2017-08-01","146.1","4","9",
"OBS_DEU_P1M_RR","142","2017-09-01","68.6","4","9",
"OBS_DEU_P1M_RR","142","2017-10-01","46.3","4","9",
"OBS_DEU_P1M_RR","142","2017-11-01","53.5","4","9",
"OBS_DEU_P1M_RR","142","2017-12-01","67.4","4","9",
"OBS_DEU_P1M_RR","142","2018-01-01","101.2","4","9",
"OBS_DEU_P1M_RR","142","2018-02-01","39.6","4","9",
"OBS_DEU_P1M_RR","142","2018-03-01","28.8","4","9",
"OBS_DEU_P1M_RR","142","2018-04-01","12.9","4","9",
"OBS_DEU_P1M_RR","142","2018-05-01","97.3","4","9",
"OBS_DEU_P1M_RR","142","2018-06-01","72.6","4","9",
"OBS_DEU_P1M_RR","142","2018-07-01","122.3","4","9",
"OBS_DEU_P1M_RR","142","2018-09-01","56.7","4","9",
"OBS_DEU_P1M_RR","142","2018-10-01","39.2","4","9",
"OBS_DEU_P1M_RR","142","2018-11-01","24.2","4","9",
"OBS_DEU_P1M_RR","142","2018-12-01","89.7","4","9",
"OBS_DEU_P1M_RR","142","2019-01-01","83.1","4","9",
"OBS_DEU_P1M_RR","142","2019-02-01","29","4","9",
"OBS_DEU_P1M_RR","142","2019-03-01","49.5","4","9",
"OBS_DEU_P1M_RR","142","2019-04-01","12","4","9",
"OBS_DEU_P1M_RR","142","2019-05-01","170.4","4","9",
"OBS_DEU_P1M_RR","142","2019-06-01","58","4","9",
"OBS_DEU_P1M_RR","142","2019-07-01","79.7","4","9",
"OBS_DEU_P1M_RR","142","2019-08-01","95.8","4","9",
"OBS_DEU_P1M_RR","142","2019-09-01","39.4","4","9",
"OBS_DEU_P1M_RR","142","2019-10-01","55.5","4","9",
"OBS_DEU_P1M_RR","142","2019-11-01","43.5","4","9",
"OBS_DEU_P1M_RR","142","2019-12-01","44.3","4","9",
"OBS_DEU_P1M_RR","142","2020-01-01","19.3","4","9",
"OBS_DEU_P1M_RR","142","2020-02-01","102.5","4","9",
"OBS_DEU_P1M_RR","142","2020-03-01","55.4","4","9",
"OBS_DEU_P1M_RR","142","2020-04-01","20.8","4","7",
"OBS_DEU_P1M_RR","142","2020-05-01","34.2","4","7",
"OBS_DEU_P1M_RR","142","2020-06-01","168","4","7",
"OBS_DEU_P1M_RR","142","2020-07-01","62.4","4","7",
"OBS_DEU_P1M_RR","142","2020-08-01","150.9","4","7",
"OBS_DEU_P1M_RR","142","2020-09-01","45.3","4","7",
"OBS_DEU_P1M_RR","142","2020-10-01","78.9","4","7",
"OBS_DEU_P1M_RR","142","2020-11-01","16.3","4","7",
"OBS_DEU_P1M_RR","142","2020-12-01","55.5","4","7",
"OBS_DEU_P1M_RR","142","2021-01-01","53.4","4","7",
"OBS_DEU_P1M_RR","142","2021-02-01","49.7","4","7",
"OBS_DEU_P1M_RR","142","2021-03-01","36.8","4","7",
"OBS_DEU_P1M_RR","142","2021-04-01","18.2","4","7",
"OBS_DEU_P1M_RR","142","2021-05-01","157.4","4","7",
"OBS_DEU_P1M_RR","142","2021-06-01","126","4","7",
"OBS_DEU_P1M_RR","142","2021-07-01","124.8","4","7",
"OBS_DEU_P1M_RR","142","2021-08-01","118.3","4","7",
"OBS_DEU_P1M_RR","142","2021-09-01","32.2","4","1",
"OBS_DEU_P1M_RR","142","2021-10-01","21.3","4","1",
"OBS_DEU_P1M_RR","142","2021-11-01","33.2","4","1",
